csv_column,csv_unit,imas_unit,csv_dtype,imas_dtype,imas_path,csv_description,imas_description,kind,status,notes,transform,transform_args,source_fields,source,
ELMTYPE,,,,INT_1D,summary/elms/type,Flag describing type of ELMs.,"ELMs type (I, II, III, ...)",dynamic,mapped_caveat,"The two mixed categories collapse onto the index of their dominant component, Type I; TYPE-RF (ICRH-induced ELMs on JET) has no counterpart in the DD's open enumeration and is declared in the sidecar so those 33 slices leave the node empty.",dictionary,"{""NONE"": 0, ""TYPE-I"": 1, ""TYPE-II"": 2, ""TYPE-III"": 3, ""TYPE-V"": 5, ""TYPE-1+2"": 1, ""TYPE-1+5"": 1}",,,summary/elms/type
CONFIG,,,,INT_1D,summary/boundary/type,Plasma configuration.,"0 (limiter), 1 (diverted), 11 (LSN), 12 (USN), 13 (DN), 14 (snowflake)",dynamic,mapped_caveat,"The four limiter sub-types (LIM, IW, BOT, TOP) collapse onto the single DD limiter index 0, and MAR (marginally diverted/limited) is resolved to diverted.",dictionary,"{""LIM"": 0, ""IW"": 0, ""BOT"": 0, ""TOP"": 0, ""SN"": 1, ""SN(L)"": 11, ""SN(U)"": 12, ""DN"": 13, ""DND"": 13, ""MAR"": 1}",,,summary/boundary/type
BEPDIA,1,1,,FLT_1D,summary/global_quantities/beta_pol,Poloidal diamagnetic beta.,Poloidal beta. Defined as betap = 4 int(p dV) / [R_0 * mu_0 * Ip^2],dynamic,mapped_caveat,"beta_pol is the only non-MHD poloidal beta in summary, but its DD definition is equilibrium-pressure based rather than diamagnetic.",identity,,,,summary/global_quantities/beta_pol
ENBI,eV,eV,,FLT_1D,summary/heating_current_drive/nbi(0)/energy,"Neutral beam energy weighted by power. [formula in source, not extractable]",Full energy of the injected species (acceleration of a single atom),dynamic,mapped_caveat,"ENBI is the power-weighted mean beam energy over all sources, while nbi(0)/energy is the energy of injector 0 alone.",identity,,,,summary/heating_current_drive/nbi/energy
PNBI,W,W,,FLT_1D,summary/heating_current_drive/power_nbi,Total injected neutral beam power minus shine-through. Elementary variable. PNBI = 0 if no beams are on.,Total NBI power coupled to the plasma,dynamic,mapped_caveat,"PNBI subtracts shine-through only, whereas the DD node is the power actually coupled to the plasma, which also excludes the orbit and charge-exchange losses in PFLOSS.",identity,,,,summary/heating_current_drive/power_nbi
ECHMODE,,,,INT_1D,summary/heating_current_drive/ec(0)/polarization,Mode of ECRH waves.,"Polarization of the ECRH waves (0 = O mode, 1 = X mode)",dynamic,mapped_caveat,'X+O' (both modes at once) cannot be expressed as a single polarization index; it and the three no-ECRH labels are declared in the sidecar so those slices leave the node empty.,dictionary,"{""O"": 0, ""X"": 1}",,,summary/heating_current_drive/ec/polarization
PECRH,W,W,,FLT_1D,summary/heating_current_drive/power_ec,ECRH power absorbed by the plasma.,Total EC power coupled to the plasma,dynamic,mapped_caveat,"power_ec is the total EC power coupled to the plasma, whereas PECRH is the absorbed power, which is the smaller of the two.",identity,,,,summary/heating_current_drive/power_ec
ICANTEN,rad,rad,,FLT_1D,summary/heating_current_drive/ic(0)/phase,ICRH antenna phasing.,Phase between straps,dynamic,mapped_caveat,Antenna phasing is a category in the source and a strap phase in radians in the DD; the three no-ICRH labels have no numeric equivalent and are declared in the sidecar so those slices leave the node empty.,dictionary,"{""MONOPOLE"": 0, ""DIPOLE"": 3.14159}",,,summary/heating_current_drive/ic/phase
PICRH,W,W,,FLT_1D,summary/heating_current_drive/power_ic,ICRH power absorbed by the plasma.,Total IC power coupled to the plasma,dynamic,mapped_caveat,"power_ic is the total IC power coupled to the plasma, whereas PICRH is the absorbed power, which is the smaller of the two.",identity,,,,summary/heating_current_drive/power_ic
DWMHD,W,W,,FLT_1D,summary/global_quantities/denergy_thermal_dt,Time rate of change of the total plasma stored energy. Obtained from MHD measurements.,Time derivative of the thermal plasma energy content,dynamic,mapped_caveat,"WMHD is the total stored energy including the fast-ion contribution, while the DD node is the derivative of the thermal energy alone.",identity,,,MHD equilibrium fit,summary/global_quantities/denergy_thermal_dt
WFICRH,J,J,,FLT_1D,summary/heating_current_drive/ic(0)/energy_fast,"Estimate of the perpendicular fast ion energy content during ICRH heating. [formula in source, not extractable]",Fast particle energy content driven by IC waves,dynamic,mapped_caveat,"The DD node is the total IC-driven fast-ion energy, while WFICRH is its perpendicular component only.",identity,,,,summary/heating_current_drive/ic/energy_fast
WTOT,J,J,,FLT_1D,summary/global_quantities/energy_total,Estimated total plasma energy content.,Plasma energy content = 3/2 * integral over the plasma volume of the total kinetic pressure,dynamic,mapped_caveat,"WTOT is a per-machine best estimate assembled from different stored-energy measurements, while the DD node is defined as the volume integral of the total pressure.",identity,,,,summary/global_quantities/energy_total
VTOR0,m.s^-1,,,FLT_1D,summary/local/magnetic_axis/velocity_phi/deuterium,Central rotation velocity of plasma.,Deuterium (D),dynamic,mapped_caveat,"The DD splits the central toroidal velocity by species and the source does not name one, so deuterium is used as the database's dominant working gas.",identity,,,,summary/local/magnetic_axis/velocity_phi/deuterium
TOK,,,,STR_0D,summary/machine,Short name of the tokamak that supplied the data.,Name of the experimental device to which this data is related (if relevant),constant,mapped,,identity,,,,summary/machine
LCUPDATE,,,,STR_0D,summary/ids_properties/creation_date,Date of the most recent update for any variable listed in the database.,Date at which this data has been produced,constant,mapped,Formula converts the YYYYMMDD integer to the ISO 8601 form the IDS requires.,formula,"datetime.strptime(str(int(LCUPDATE)), '%Y%m%d').strftime('%Y-%m-%dT00:00:00Z')",,,summary/ids_properties/creation_date
DATE,,,,STR_0D,summary/pulse_time_begin,Date where the shot was taken.,"Date and time (UTC) at which the pulse started on the experiment (if relevant), expressed in a human readable form (ISO 8601) : the format of the string shall be : YYYY-MM-DDTHH:MM:SSZ. Example : 2020-07-24T14:19:00Z",constant,mapped,As LCUPDATE. All values in this database are 8-digit YYYYMMDD; no 6-digit branch is needed.,formula,"datetime.strptime(str(int(DATE)), '%Y%m%d').strftime('%Y-%m-%dT00:00:00Z')",,,summary/pulse_time_begin
SHOT,,,,INT_0D,summary/pulse,Discharge number (shot) from which the data were taken.,Pulse number to which this data is related (if relevant),constant,mapped,,identity,,,,summary/pulse
TIME,s,s,,FLT_1D,summary/time(0),Time during the shot at which the data were taken.,Generic time,dynamic,mapped,,identity,,,,summary/time
T1,s,s,,FLT_1D,summary/time_width(0),Start of main time average window.,"In case the time-dependent quantities of this IDS are averaged over a time interval, this node is the width of this time interval (empty otherwise). By convention, the time interval starts at time-time_width and ends at time.",dynamic,mapped,"summary/time_width holds the width of the averaging window, so the two endpoint columns T1 and T2 combine into one row.",formula,T2-T1,,,summary/time_width
ELMFREQ,Hz,Hz,,FLT_1D,summary/elms/frequency,ELM frequency.,ELMs frequency,dynamic,mapped,,identity,,,,summary/elms/frequency
MEFF,u,u,,FLT_1D,summary/volume_average/meff_hydrogenic,"Effective atomic mass. [formula in source, not extractable]",Effective mass of the hydrogenic species (MH. nH+MD.nD+MT.nT)/(nH+nD+nT)  ,dynamic,mapped,"The DD node is explicitly hydrogenic, whereas PGASA and MEFF here also encode He3, He4 and nitrogen working gases.",identity,,,,summary/volume_average/meff_hydrogenic
PGASZ,1,1,,FLT_1D,summary/volume_average/zeff,Charge number of the plasma working gas.,Effective charge,dynamic,mapped,"Charge number of the working gas, used as the effective charge in the absence of an impurity measurement; ZEFF carries the measured line-averaged value.",identity,,,,summary/volume_average/zeff
BGASA,u,u,,FLT_0D,summary/heating_current_drive/nbi(0)/species/a,Mass of the neutral beam gas.,Mass of atom,constant,mapped,"0 means no beam, not a mass number of zero, and is declared as a sentinel. Five JET pulses still change beam species mid-pulse, which a per-unit constant node cannot hold; the first species seen is kept.",identity,,,,summary/heating_current_drive/nbi/species/a
BGASZ,e,e,,FLT_0D,summary/heating_current_drive/nbi(0)/species/z_n,Charge number of the neutral beam gas.,Nuclear charge,constant,mapped,0 means no beam; see BGASA.,identity,,,,summary/heating_current_drive/nbi/species/z_n
BGASA2,u,u,,FLT_0D,summary/heating_current_drive/nbi(1)/species/a,Mass of the second neutral beam gas.,Mass of atom,constant,mapped,0 means no second beam; see BGASA.,identity,,,,summary/heating_current_drive/nbi/species/a
BGASZ2,e,e,,FLT_0D,summary/heating_current_drive/nbi(1)/species/z_n,Charge number of the second neutral beam gas.,Nuclear charge,constant,mapped,0 means no second beam; see BGASA.,identity,,,,summary/heating_current_drive/nbi/species/z_n
FUELRATE,e.s^-1,,,FLT_1D,summary/gas_injection_rates/total,Fueling rate of extra gas.,Total gas injection rate (sum over species),dynamic,mapped,,identity,,,,summary/gas_injection_rates/total
RGEO,m,m,,FLT_1D,summary/boundary/geometric_axis_r,"Plasma geometrical major radius. Obtained from an MHD equilibrium fit, defined as the average of the minimum and the maximum radial extent of the plasma.",R position of the geometric axis (defined as (Rmax+Rmin) / 2 of the boundary),dynamic,mapped,,identity,,,MHD equilibrium fit,summary/boundary/geometric_axis_r
RMAG,m,m,,FLT_1D,summary/boundary/magnetic_axis_r,Major radius of the magnetic axis. Obtained from an MHD equilibrium fit.,R position of the magnetic axis,dynamic,mapped,,identity,,,MHD equilibrium fit,summary/boundary/magnetic_axis_r
AMIN,m,m,,FLT_1D,summary/boundary/minor_radius,Horizontal plasma minor radius. Obtained from an MHD equilibrium fit.,Minor radius of the plasma boundary (defined as (Rmax-Rmin) / 2 of the boundary),dynamic,mapped,,identity,,,MHD equilibrium fit,summary/boundary/minor_radius
KAPPA,1,1,,FLT_1D,summary/boundary/elongation,Plasma elongation. Obtained from an MHD equilibrium fit.,Elongation of the plasma boundary,dynamic,mapped,"KAPPA = 1 on 1661 rows is physical, not a fill: TEXTOR, PDX, TUMAN3M, T10 and part of ASDEX/TFTR are circular.",identity,,,MHD equilibrium fit,summary/boundary/elongation
DELTAU,1,1,,FLT_1D,summary/boundary/triangularity_upper,Upper triangularity of the plasma boundary. Obtained from an MHD equilibrium fit.,Upper triangularity of the plasma boundary,dynamic,mapped,,identity,,,MHD equilibrium fit,summary/boundary/triangularity_upper
DELTAL,1,1,,FLT_1D,summary/boundary/triangularity_lower,Lower triangularity of the plasma boundary. Obtained from an MHD equilibrium fit.,Lower triangularity of the plasma boundary,dynamic,mapped,,identity,,,MHD equilibrium fit,summary/boundary/triangularity_lower
VOL,m^3,m^3,,FLT_1D,summary/global_quantities/volume,Plasmas volume. Obtained from an MHD equilibrium fit.,Volume of the confined plasma,dynamic,mapped,,identity,,,MHD equilibrium fit,summary/global_quantities/volume
SEPLIM,m,m,,FLT_1D,summary/boundary/gap_limiter_wall,Minimum distance between the separatrix flux surface and either the vessel wall or limiters. Obtained from an MHD equilibrium fit.,Distance between the separatrix and the nearest limiter or wall element,dynamic,mapped,TEXTOR (1435 rows) and TFTR (104) report exactly 0 and PDX exactly 0.180; five D3D rows are negative.,identity,,,MHD equilibrium fit,summary/boundary/gap_limiter_wall
WALMAT,,,,structure,summary/wall/material,Material of the vessel wall.,Wall material,0,mapped,"'AL' (9 rows, START) has no aluminium entry in the DD materials identifier and is mapped to 0 (unspecified).",dictionary,"{""C"": 1, ""CC"": 1, ""W"": 2, ""C-W"": 3, ""SS"": 4, ""CSS"": 5, ""IN"": 6, ""IN/C"": 7, ""TI1"": 9, ""TI2"": 9, ""BE"": 10, ""C/BE"": 10, ""MO"": 11, ""AL"": 0, ""NONE"": 0}","(""index"", ""description"")",,summary/wall/material
LIMMAT,,,,structure,summary/limiter/material,Material of the limiters.,Limiter material,0,mapped,,dictionary,"{""C"": 1, ""W"": 2, ""C-W"": 3, ""BE"": 10, ""MO"": 11, ""NONE"": 0}","(""index"", ""description"")",,summary/limiter/material
EVAP,,,,STR_0D,summary/wall/evaporation,Evaporated material used to cover the inside of the vessel.,Chemical formula of the evaporated material or gas used to cover the vaccum vessel wall. NONE for no evaporation.,static,mapped,,dictionary,"{""NONE"": ""NONE"", ""BE"": ""Be"", ""TI"": ""Ti"", ""BOR"": ""B"", ""BO"": ""B"", ""BOROA"": ""(B2H6 + CH4 + H2)"", ""BOROB"": ""(B2H6 + H2)"", ""BOROC"": ""B"", ""BOROX"": ""B"", ""B2D6"": ""B2D6"", ""SID4"": ""SiD4"", ""SILICON"": ""Si"", ""CARB"": ""C2B10H12"", ""CARBH"": ""C2B10H12"", ""CARBORANE"": ""C2B10H12"", ""DECABORA"": ""B10H14""}",,,summary/wall/evaporation
BT,T,T,,FLT_1D,summary/global_quantities/b0,Vacuum toroidal magnetic field at RGEO. Determined from the current in the toroidal field coils.,Vacuum toroidal field at R0. Positive sign means anti-clockwise when viewed from above. The product R0B0 must be consistent with the b_tor_vacuum_r field of the tf IDS.,dynamic,mapped,"BT is measured at RGEO, which varies per slice, whereas the DD reference radius global_quantities/r0 is constant.",identity,,,TF coil current,summary/global_quantities/b0
IP,A,A,,FLT_1D,summary/global_quantities/ip,Plasma current. Determined from an external Rogowski coil with vessel current subtraction.,Total plasma current (toroidal component). Positive sign means anti-clockwise when viewed from above.,dynamic,mapped,,identity,,,external Rogowski coil with vessel current subtraction,summary/global_quantities/ip
VSURF,V,V,,FLT_1D,summary/global_quantities/v_loop,Loop voltage at the plasma boundary.,LCFS loop voltage (positive value drives positive ohmic current that flows anti-clockwise when viewed from above),dynamic,mapped,,identity,,,,summary/global_quantities/v_loop
Q95,1,1,,FLT_1D,summary/global_quantities/q_95,Plasma safety factor at the 95% poloidal flux surface. Obtained from an MHD equilibrium fit.,q at the 95% poloidal flux surface (only positive when toroidal current and magnetic field are in same direction),dynamic,mapped,,identity,,,MHD equilibrium fit,summary/global_quantities/q_95
BEPMHD,1,1,,FLT_1D,summary/global_quantities/beta_pol_mhd,Poloidal beta. Determined from an MHD equilibrium fit.,Poloidal beta estimated from the pressure determined by an equilibrium reconstruction code. Defined as betap = 4 int(p dV) / [R_0 * mu_0 * Ip^2],dynamic,mapped,,identity,,,MHD equilibrium fit,summary/global_quantities/beta_pol_mhd
BETMHD,1,1,,FLT_1D,summary/global_quantities/beta_tor_mhd,Toroidal beta. Determined from an MHD equilibrium fit.,"Toroidal beta, using the pressure determined by an equilibrium reconstruction code",dynamic,mapped,,identity,,,MHD equilibrium fit,summary/global_quantities/beta_tor_mhd
NEL,m^-3,m^-3,,FLT_1D,summary/line_average/n_e,Central line-averaged electron density. Determined from interferometry.,Electron density,dynamic,mapped,,identity,,,Interferometry,summary/line_average/n_e
DNELDT,m^-3.s^-1,m^-3.s^-1,,FLT_1D,summary/line_average/dn_e_dt,Time rate of change of NEL.,Time derivative of the electron density,dynamic,mapped,,identity,,,,summary/line_average/dn_e_dt
NEV,m^-3,m^-3,,FLT_1D,summary/volume_average/n_e,Volume-averaged electron density.,Electron density,dynamic,mapped,,identity,,,,summary/volume_average/n_e
NE0,m^-3,m^-3,,FLT_1D,summary/local/magnetic_axis/n_e,Central electron density at the magnetic axis. Determined with similar methods as NEV.,Electron density,dynamic,mapped,,identity,,,,summary/local/magnetic_axis/n_e
ZEFF,1,1,,FLT_1D,summary/line_average/zeff,Line-averaged plasma effective charge determined from visible Bremsstrahlung.,Effective charge,dynamic,mapped,,identity,,,Visible bremsstrahlung,summary/line_average/zeff
PRAD,W,W,,FLT_1D,summary/global_quantities/power_radiated,Total radiated power. Determined from bolometry.,Total radiated power,dynamic,mapped,,identity,,,Bolometry,summary/global_quantities/power_radiated
POHM,W,W,,FLT_1D,summary/global_quantities/power_ohm,Total Ohmic power. POHM = VSURF * IP.,Ohmic power,dynamic,mapped,,identity,,,"{""default"": ""VSURF x IP"", ""AUG"": ""VSURF corrected for flux variations between the loop and the plasma surface"", ""CMOD"": ""Vres x IP, Vres from VSURF corrected for inductive effects"", ""D3D"": ""central visible bremsstrahlung"", ""JET"": ""VSURF x IP, corrected for inductance effects"", ""JT60U"": ""TOPICS transport analysis (SHOT >= 33635)"", ""PDX"": ""corrected for inductance effects"", ""START"": ""corrected for inductance effects"", ""TCV"": ""VSURF from the LIUQE equilibrium code"", ""TFTR"": ""IP x VSURF minus the inductive li term""}",summary/global_quantities/power_ohm
PINJ,W,W,,FLT_1D,summary/heating_current_drive/nbi(0)/power_launched,"Power injected by neutral beam 1, using beam species BGASA, BGASZ. [formula in source, not extractable]",NBI power launched into the vacuum vessel from this unit,dynamic,mapped,,identity,,,,summary/heating_current_drive/nbi/power_launched
PINJ2,W,W,,FLT_1D,summary/heating_current_drive/nbi(1)/power_launched,"Power injected by neutral beam 2, using beam species BGASA2, BGASZ2. [formula in source, not extractable]",NBI power launched into the vacuum vessel from this unit,dynamic,mapped,,identity,,,,summary/heating_current_drive/nbi/power_launched
COCTR,1,1,,FLT_1D,summary/heating_current_drive/power_launched_nbi_co_injected_ratio,Fraction of beam power co-injected as compared to the total beam power injected.,Ratio of co-injected beam launched power to total NBI launched power. Is set to 1 for purely perpendicular injection,dynamic,mapped,,identity,,,,summary/heating_current_drive/power_launched_nbi_co_injected_ratio
ECHFREQ,Hz,Hz,,FLT_1D,summary/heating_current_drive/ec(0)/frequency,ECRH frequency.,ECRH frequency,dynamic,mapped,,identity,,,,summary/heating_current_drive/ec/frequency
PECRHC,W,W,,FLT_1D,summary/heating_current_drive/ec(0)/power,ECRH power coupled to the plasma.,Electron cyclotron heating power coupled to the plasma from this launcher,dynamic,mapped,,identity,,,,summary/heating_current_drive/ec/power
ICFREQ,Hz,Hz,,FLT_1D,summary/heating_current_drive/ic(0)/frequency,ICRH frequency.,ICRH frequency,dynamic,mapped,,identity,,,,summary/heating_current_drive/ic/frequency
PICRHC,W,W,,FLT_1D,summary/heating_current_drive/ic(0)/power,ICRH power coupled to the plasma.,IC heating power coupled to the plasma from this launcher,dynamic,mapped,,identity,,,,summary/heating_current_drive/ic/power
DWDIA,W,W,,FLT_1D,summary/global_quantities/denergy_diamagnetic_dt,Time rate of change of the total plasma stored energy. Obtained from diamagnetic loop measurements.,Time derivative of the diamagnetic plasma energy content,dynamic,mapped,,identity,,,Diamagnetic loop,summary/global_quantities/denergy_diamagnetic_dt
TEV,eV,eV,,FLT_1D,summary/volume_average/t_e,Volume-averaged electron temperature.,Electron temperature,dynamic,mapped,,identity,,,,summary/volume_average/t_e
TE0,eV,eV,,FLT_1D,summary/local/magnetic_axis/t_e,Electron temperature on the magnetic axis.,Electron temperature,dynamic,mapped,,identity,,,,summary/local/magnetic_axis/t_e
TIV,eV,eV,,FLT_1D,summary/volume_average/t_i_average,Volume-averaged ion temperature.,Ion temperature (average over ion species),dynamic,mapped,,identity,,,,summary/volume_average/t_i_average
TI0,eV,eV,,FLT_1D,summary/local/magnetic_axis/t_i_average,Ion temperature at the magnetic axis.,Ion temperature (average over ion species),dynamic,mapped,,identity,,,,summary/local/magnetic_axis/t_i_average
WDIA,J,J,,FLT_1D,summary/global_quantities/energy_diamagnetic,Total plasma energy as determined from the diamagnetic loop.,Plasma diamagnetic energy content = 3/2 * integral over the plasma volume of the total perpendicular pressure ,dynamic,mapped,,identity,,,Diamagnetic loop,summary/global_quantities/energy_diamagnetic
WMHD,J,J,,FLT_1D,summary/global_quantities/energy_mhd,Total plasma energy as determined by MHD equilibrium calculations.,Plasma energy content = 3/2 * integral over the plasma volume of the total kinetic pressure (pressure determined by an equilibrium reconstruction code),dynamic,mapped,,identity,,,MHD equilibrium fit,summary/global_quantities/energy_mhd
WEKIN,J,J,,FLT_1D,summary/global_quantities/energy_electrons_thermal,Total thermal electron plasma energy as determined from kinetic measurements.,Thermal electron plasma energy content = 3/2 * integral over the plasma volume of the thermal electron pressure,dynamic,mapped,,identity,,,Kinetic measurements,summary/global_quantities/energy_electrons_thermal
WIKIN,J,J,,FLT_1D,summary/global_quantities/energy_ion_total_thermal,Total thermal ion plasma energy as determined from kinetic measurements.,Thermal ion plasma energy content (sum over the ion species) = 3/2 * integral over the plasma volume of the thermal ion pressure,dynamic,mapped,,identity,,,Kinetic measurements,summary/global_quantities/energy_ion_total_thermal
WFPER,J,J,,FLT_1D,summary/global_quantities/energy_fast_perpendicular,Total perpendicular fast ion energy due to NBI as determined from transport calculations. Zero if no NBI is applied.,Fast particles perpendicular energy content = 3/2 * integral over the plasma volume of the fast perpendicular pressure,dynamic,mapped,,identity,,,Transport calculations,summary/global_quantities/energy_fast_perpendicular
WFPAR,J,J,,FLT_1D,summary/global_quantities/energy_fast_parallel,Total parallel fast ion energy due to NBI as determined from transport calculations. Zero if no NBI is applied.,Fast particles parallel energy content = 3/2 * integral over the plasma volume of the fast parallel pressure,dynamic,mapped,,identity,,,Transport calculations,summary/global_quantities/energy_fast_parallel
PLTH,W,W,,FLT_1D,summary/global_quantities/power_loss,Estimated loss power corrected for charge exchange and unconfined orbit losses. PLTH = PL - PFLOSS.,Power through separatrix,dynamic,mapped,,identity,,,,summary/global_quantities/power_loss
TAUTH,s,s,,FLT_1D,summary/global_quantities/tau_energy,"Estimated thermal energy confinement time. [formula in source, not extractable]",Energy confinement time,dynamic,mapped,Blank on 328 rows where TAUTH2 or TAUTH1 carries the same quantity; the fallback is not applied here.,identity,,,,summary/global_quantities/tau_energy
NESEP,m^-3,m^-3,,FLT_1D,summary/local/separatrix/n_e,Electron density at the separatrix.,Electron density,dynamic,mapped,,identity,,,,summary/local/separatrix/n_e
WTH,J,J,,FLT_1D,summary/global_quantities/energy_thermal,Estimated thermal plasma energy content.,Thermal plasma energy content = 3/2 * integral over the plasma volume of the thermal pressure,dynamic,mapped,Per-machine thermal energy estimate that feeds TAUTH; energy_thermal is taken by the directly measured WKIN.,identity,,,,summary/global_quantities/energy_thermal
WKIN,J,,dynamic_float1d(:),,,Total thermal plasma energy as determined from kinetic measurements.,,,manifest,,identity,,,Kinetic measurements,
DIVNAME,,,constant_string0d(:),STR_0D,divertors/divertor(0)/name,Divertor configuration.,Short string identifier (unique for a given device),static,manifest,Out-of-scope path recorded for a future migration; it is ignored for manifest rows.,identity,,,,divertors/divertor/name
T2,s,,dynamic_float1d(:),,,End of main time average window.,,,manifest,The other endpoint of the T1/T2 averaging window; the width itself is carried by the T1 row.,identity,,,,
AUXHEAT,,,constant_string1d(:),,,Type of auxiliary heating.,,,manifest,,identity,,,,
PHASE,,,constant_string1d(:),,,Phase of the discharge at TIME.,,,manifest,,identity,,,,
HYBRID,,,constant_string1d(:),,,Flag indicating whether the data point is in a hybrid mode.,,,manifest,'UNKNOWN' on 10866 of 14153 rows: the flag was never assessed for most of the database.,identity,,,,
ITB,,,constant_string1d(:),,,Flag indicating whether the data point has an internal transport barrier.,,,manifest,"'UNKNOWN' on 10871 of 14153 rows; the remainder are NO or NOITB, so no row in the database records a present ITB.",identity,,,,
ELMMAX,,,dynamic_float1d(:),,,Average ELM amplitude of the H_alpha signal (minus base level).,,,manifest,Amplitude of the H_alpha ELM signal in arbitrary units; not comparable across machines.,identity,,,,
ELMDUR,s,,dynamic_float1d(:),,,Average ELM duration of the H_alpha signal.,,,manifest,,identity,,,,
ELMINT,,,dynamic_float1d(:),,,Average ELM integral of the H_alpha signal (minus base level).,,,manifest,Integral of the H_alpha ELM signal in arbitrary units; not comparable across machines.,identity,,,,
OLTIME,s,,dynamic_float1d(:),,,Time of the Ohmic to L-mode transition (start of auxiliary heating).,,,manifest,,identity,,,,
LHTIME,s,,dynamic_float1d(:),,,Time of the L to H transition.,,,manifest,L-H transition time. No summary node exists for it; a candidate for a future DD extension.,identity,,,,
PGASA,u,,constant_float0d(:),,,Mass of the plasma working gas.,,,manifest,"Mass of the working gas. meff_hydrogenic is taken by MEFF, which is the weighted quantity. Four JET pulses (91215, 91234, 91274, 91276) change working gas between slices; the first value seen is kept.",identity,,,,
PELLET,,,constant_string1d(:),,,Pellet material if pellets (1 or more) have been injected.,,,manifest,"Mixes pellet material (H, D) with strong gas fuelling labels (GP_H, GP_D, GAS-FUEL), so it is not a pellet species field.",identity,,,,
XGASZ,e,,constant_integer0d(:),,,Charge number of extra-fueled gas.,,,manifest,"0 means no extra fuelled gas; see XGASA. The definitions document states the allowed range as [1, Inf[, which its own value table contradicts.",identity,,,,
XGASA,u,,constant_float0d(:),,,Mass of extra-fueled gas.,,,manifest,"0 means no extra fuelled gas, not a mass of zero, and is declared as a sentinel; seeding starts partway through a pulse, so the literal reading also made the species disagree across slices in 45 pulses. Five JET pulses still alternate H and D between slices; the first value seen is kept.",identity,,,,
DELTA,1,,dynamic_float1d(:),,,Triangularity of the plasma boundary. Obtained from an MHD equilibrium fit.,,,manifest,"Average triangularity; the DD carries only the upper and lower halves, which DELTAU and DELTAL supply.",identity,,,,
INDENT,1,,dynamic_float1d(:),,,Indentation of the plasma. Obtained from an MHD equilibrium fit.,,,manifest,No indentation field in the DD boundary description. JET carries the integer fill -9999999 on 825 rows.,identity,,,MHD equilibrium fit,
AREA,m^2,,dynamic_float1d(:),,,Area of the plasma cross-section. Obtained from an MHD equilibrium fit.,,,manifest,Poloidal cross-section area; the DD summary carries volume but no cross-section area.,identity,,,MHD equilibrium fit,
SURFFORM,m^2,,dynamic_float1d(:),,,Surface area of the plasma from formula.,,,manifest,"Plasma surface area from a formula. Searching summary for a separatrix surface area returns only position nodes, none of which is an area.",identity,,,,
XPLIM,m,,dynamic_float1d(:),FLT_0D,equilibrium/time_slice(0)/boundary/gap(0),Minimum distance between the X-point and either the vessel walls or limiters. Obtained from an MHD equilibrium fit.,"Set of gaps, defined by a reference point and a direction.",dynamic,manifest,"X-point to wall clearance. The DD represents this only as an equilibrium boundary gap, which is out of scope for a summary-only migration; the path is recorded for a future migration and is ignored for manifest rows.",identity,,,MHD equilibrium fit,equilibrium/time_slice/boundary/gap
DIVMAT,,,constant_string0d(:),,,Material of the divertor tiles.,,,manifest,The DD has no divertor-tile material node under summary; wall/material and limiter/material are taken by WALMAT and LIMMAT. Indices follow the DD materials identifier.,identity,,,,
DALFMP,,,dynamic_float1d(:),,,D_alpha emission on the midplane.,,,manifest,"Units are inconsistent across machines: JET reports 1e12-1e17 (photon flux) while AUG, NSTX, PBXM and PDX report -0.4 to 7. csv_unit is left blank for that reason.",identity,,,,
DALFDV,,,dynamic_float1d(:),,,D_alpha emission in the divertor.,,,manifest,Same per-machine unit inconsistency as DALFMP.,identity,,,,
IGRADB,,,constant_integer0d(:),,,Indicates the direction of the ion grad-B drift.,,,manifest,Direction of the ion grad-B drift relative to the X-point; no DD node encodes this sign convention. 0 is defined as 'Undefined' and is declared as a sentinel.,identity,,,,
PREMAG,,,constant_string0d(:),,,Flag indicating whether start-up was done with or without pre-magnetization current.,,,manifest,,identity,,,,
SH95,1,,dynamic_float1d(:),,,Magnetic shear at the 95% poloidal flux surface.,,,manifest,Magnetic shear at the 95% flux surface; summary carries q_95 but no shear node.,identity,,,,
BEILI2,1,,dynamic_float1d(:),,,"Represents betai + 0.5li, where betai is the Shafranov beta and li the internal inductance. Determined from an MHD equilibrium fit.",,,manifest,"Composite beta_i + li/2. The DD holds the two components separately (beta_pol, li_mhd) but no combination.",identity,,,,
BEIMHD,1,,dynamic_float1d(:),,,beta Shafranov. Determined from an MHD equilibrium fit.,,,manifest,"Shafranov beta. beta_pol and beta_pol_mhd are taken by BEPDIA and BEPMHD, and the Shafranov definition differs from both.",identity,,,MHD equilibrium fit,
NELFORM,,,dynamic_integer1d(:),,,Indicates whether NEL is an indirect measurement.,,,manifest,Flag marking the JET rows where NEL is approximated by a formula rather than measured directly.,identity,,,,
NE0TSC,m^-3,,dynamic_float1d(:),,,Central electron density from Thomson scattering.,,,manifest,"Thomson-scattering central density; local/magnetic_axis/n_e is taken by NE0, which is the database's primary central density.",identity,,,,
ZEFFNEO,1,,dynamic_float1d(:),,,Plasma effective charge as determined by neoclassical resistivity.,,,manifest,Effective charge from neoclassical resistivity; the two zeff nodes in summary are taken by ZEFF (line_average) and PGASZ (volume_average).,identity,,,,
BSOURCE,,,dynamic_integer1d(:),,,"Power fractions injected by neutral beam 1. Given as a sequence P1P2P3 of power fractions (in percentage) P1, P2 and P3 of the 3 components in neutral beam 1.",,,manifest,"Three two-digit power fractions concatenated into one integer (e.g. 652510 = 65/25/10). The DD holds these as a three-element array, which a scalar row cannot fill.",identity,,,,
BSOURCE2,,,dynamic_integer1d(:),,,"Power fractions injected by neutral beam 2. Given as a sequence P1P2P3 of power fractions (in percentage) P1, P2 and P3 of the 3 components in neutral beam 2.",,,manifest,"As BSOURCE, for the second injector.",identity,,,,
PFLOSS,W,,dynamic_float1d(:),,,Neutral beam power lost from the plasma through charge exchange and unconfined orbits.,,,manifest,Charge-exchange and unconfined-orbit beam losses; no summary node combines the two loss channels.,identity,,,,
ECHLOC,,,constant_string1d(:),,,Location of ECRH launch.,,,manifest,"Launch location as a coarse label (IN, OUT, LFS_UPPER); only 52 of 14153 rows carry anything but NONE.",identity,,,,
ICSCHEME,,,constant_string1d(:),,,ICRH heating scheme.,,,manifest,"Full scheme label (HMIN, HE3MIN, H2NDHARM, ...). The nearest DD node, ic/harmonic, captures only the harmonic number.",identity,,,,
PALPHA,W,,dynamic_float1d(:),,,Estimated alpha heating power in deuterium-tritium plasmas.,,,manifest,"Alpha heating power. summary/fusion/power is the total fusion power, a factor of five larger, and the DD has no alpha heating power scalar.",identity,,,,
TE0TSC,eV,,dynamic_float1d(:),,,Electron temperature on the magnetic axis from Thomson scattering. Determined from the Thomson scattering point closest to the magnetic axis.,,,manifest,Thomson-scattering central electron temperature; local/magnetic_axis/t_e is taken by TE0.,identity,,,,
TICX0,eV,,dynamic_float1d(:),,,Ion temperature on the magnetic axis from charge exchange recombination spectroscopy.,,,manifest,Charge-exchange central ion temperature; local/magnetic_axis/t_i_average is taken by TI0.,identity,,,,
WFFORM,J,,dynamic_float1d(:),,,Total fast ion energy due to NBI estimated from approximate formula. Zero if no NBI is applied.,,,manifest,"Formula estimate of the NBI fast-ion energy; the two summary fast-energy nodes are taken by WFPER and WFPAR, and no per-source NBI fast energy exists.",identity,,,,
WFICRHP,J,,dynamic_float1d(:),,,Estimate of the parallel fast ion energy content due to ICRH heating. Zero if no ICRH is applied.,,,manifest,Parallel IC fast-ion energy; the DD does not split ic/energy_fast into parallel and perpendicular parts.,identity,,,,
WFICFORM,J,,dynamic_float1d(:),,,Total fast ion energy due to ICRH estimated from approximate formula. Zero if no ICRH is applied.,,,manifest,Formula estimate of the ICRH fast-ion energy; ic(0)/energy_fast is taken by WFICRH.,identity,,,,
ICFORM,,,dynamic_integer1d(:),,,Flag indicating whether WFICFORM was used in confinement calculations.,,,manifest,Flag marking the rows where WFICFORM was used in the confinement calculation.,identity,,,,
TAUDIA,s,,dynamic_float1d(:),,,"Total diamagnetic energy confinement time. [formula in source, not extractable]",,,manifest,"One of five confinement times in this database; global_quantities/tau_energy holds one value and is assigned to TAUTH, the database's primary thermal tau_E.",identity,,,,
TAUMHD,s,,dynamic_float1d(:),,,"Total MHD energy confinement time. [formula in source, not extractable]",,,manifest,As TAUDIA; the MHD variant.,identity,,,,
TAUTH1,s,,dynamic_float1d(:),,,"Thermal energy confinement time. [formula in source, not extractable]",,,manifest,As TAUDIA; thermal tau_E from kinetic profiles.,identity,,,,
TAUTH2,s,,dynamic_float1d(:),,,"Thermal energy confinement time. [formula in source, not extractable]",,,manifest,As TAUDIA; thermal tau_E from the stored energy minus the fast-ion content. Fills 14 of the AUG rows where TAUTH is blank.,identity,,,,
TAUTOT],s,,dynamic_float1d(:),,,"Estimated total energy confinement time. [formula in source, not extractable]",,,manifest,"As TAUDIA; the total tau_E, WTOT / PL. The column name carries a stray ']' in the data CSV header, which csv_column reproduces so the row matches the data.",identity,,,,
TAUC92,1,,dynamic_float1d(:),,,"Correction factor for thermal confinement time TAUTH. [formula in source, not extractable]",,,manifest,Per-machine correction factor applied to TAUTH before the H-factors are formed; 1 except where the definitions document lists an exception.,identity,,,,
TAUC93,1,,dynamic_float1d(:),,,"Correction factor for thermal confinement time TAUTH. [formula in source, not extractable]",,,manifest,"As TAUC92, after [Schissel93].",identity,,,,
SPIN,1,,dynamic_float1d(:),,,"Net fraction of NBI power in parallel direction. [formula in source, not extractable]",,,manifest,"TEXTOR reports the constant +/-0.9429 on all 1226 of its filled rows, which is a fill rather than a measurement.",identity,,,,
TORQ,N.m,,dynamic_float1d(:),,,"Torque on plasma due to neutral beam injection. [formula in source, not extractable]",,,manifest,No toroidal torque node exists under summary.,identity,,,,
TORQBM,N.m,,dynamic_float1d(:),,,Volume-integrated torque due to beam. Calculated by a transport code (e.g. TRANSP).,,,manifest,As TORQ; the transport-code beam torque.,identity,,,,
TORQIN,N.m,,dynamic_float1d(:),,,Volume-integrated total input torque. Composed of beam torque and possible additional contributions due to applied or intrinsic error fields.,,,manifest,As TORQ; the total input torque.,identity,,,,
NESOL,m^-3,,dynamic_float1d(:),,,Electron density in the scrape-off layer.,,,manifest,"summary/scrape_off_layer carries decay lengths but no SOL electron density, so there is no node for this value.",identity,,,,
SELDB5,,,dynamic_integer1d(:),,,Standard dataset flag for DB5.,,,manifest,"The selection flag for DB5, this database's own release and the one a downstream user filters on.",identity,,,,
ITBTYPE,,,,,,Flag describing type of ITB.,,,discard,"Only 'NA' (13287) and 'NONE' (866) occur, so the column carries no ITB type information.",,,,,
TPI,,,,,,Time point indicator (ASDEX only).,,,discard,"ASDEX-only time point indicator, and JET carries the integer fill -9999999 on 825 rows.",,,,,
ISEQ,,,,,,Parameter scan identifier.,,,discard,"Parameter-scan identifier: a per-machine bookkeeping label for the scan a point belongs to, with no physics content.",,,,,
IEML,,,,,,Ergodic magnetic field coil current.,,,discard,"Ergodic field coil current, JFT-2M only, and 77% of the column is zero.",,,,,
BMHDMDIA,,,,,,Offset during the Ohmic phase between MHD and diamagnetic quantities.,,,discard,ASDEX-only offset between the MHD and diamagnetic poloidal betas during the Ohmic phase.,,,,,
FBS,,,,,,Bootstrap current fraction.,,,discard,Column is entirely empty.,,,,,
RHOQ2,,,,,,Normalized radius rho of the q = 2 surface.,,,discard,Column is entirely empty.,,,,,
DWDIAPAR,,,,,,Time derivative for ASDEX of WDIA from a parabolic fit to the 3 available H-mode points. Only relevant for ASDEX and used in calculating TAUDIA.,,,discard,"ASDEX-only parabolic-fit variant of DWDIA, filled on 4% of rows.",,,,,
DWHC,,,,,,Flag indicating whether DWDIA or DWMHD were manually corrected for ASDEX. Only relevant for ASDEX: See table.,,,discard,ASDEX-only flag marking hand-corrected DWDIA or DWMHD values.,,,,,
WROT,,,,,,"Total rotational energy. [formula in source, not extractable]",,,discard,Column is entirely empty.,,,,,
H89,,,,,,"Confinement enhancement factor w.r.t. ITER89-P. [formula in source, not extractable]",,,discard,H-factor against the published ITER89-P scaling law.,,,,,
HITER96L,,,,,,"Confinement enhancement factor w.r.t. ITERL96-P. [formula in source, not extractable]",,,discard,H-factor against the published ITERL96-P scaling law. The definitions document calls this variable HITERL96; csv_column follows the data CSV header.,,,,,
H93,,,,,,"Confinement enhancement factor w.r.t. ITERH93-P. [formula in source, not extractable]",,,discard,H-factor against the published ITERH93-P scaling law.,,,,,
HITER92Y,,,,,,"Confinement enhancement factor w.r.t. ITERH92Y. [formula in source, not extractable]",,,discard,H-factor against the published ITERH92Y scaling law.,,,,,
HEPS97,,,,,,"Confinement enhancement factor w.r.t. HEPS97. [formula in source, not extractable]",,,discard,H-factor against the published EPS97(ELMy) scaling law.,,,,,
HIPB98Y,,,,,,"Confinement enhancement factor w.r.t. IPB98(y). [formula in source, not extractable]",,,discard,H-factor against the published IPB98(y) scaling law.,,,,,
HIPB98Y1,,,,,,"Confinement enhancement factor w.r.t. IPB98(y,1). [formula in source, not extractable]",,,discard,"H-factor against the published IPB98(y,1) scaling law.",,,,,
HIPB98Y2,,,,,,"Confinement enhancement factor w.r.t. IPB98(y,2). [formula in source, not extractable]",,,discard,"H-factor against the published IPB98(y,2) scaling law. Note that summary/global_quantities/h_98 is exactly this quantity, so this row is the one H-factor that could be mapped if the triage rule were relaxed.",,,,,
HIPB98Y3,,,,,,"Confinement enhancement factor w.r.t. IPB98(y,3). [formula in source, not extractable]",,,discard,"H-factor against the published IPB98(y,3) scaling law.",,,,,
HIPB98Y4,,,,,,"Confinement enhancement factor w.r.t. IPB98(y,4). [formula in source, not extractable]",,,discard,"H-factor against the published IPB98(y,4) scaling law.",,,,,
OMGAIMP0,,,,,,"Central rotation frequency of impurities. [formula in source, not extractable]",,,discard,Column is entirely empty.,,,,,
OMGAIMPH,,,,,,"Rotation frequency of impurities at half radius. [formula in source, not extractable]",,,discard,Column is entirely empty.,,,,,
OMGAM0,,,,,,"Central rotation frequency of main plasma species. [formula in source, not extractable]",,,discard,Column is entirely empty.,,,,,
OMGAMH,,,,,,"Rotation frequency of main plasma species at half radius. [formula in source, not extractable]",,,discard,Column is entirely empty.,,,,,
VTORV,,,,,,Volume-averaged rotation velocity of plasma.,,,discard,Column is entirely empty.,,,,,
VTORIMP,,,,,,Volume-averaged rotation velocity of impurity species.,,,discard,Column is entirely empty.,,,,,
STANDARD,,,,,,Standard dataset flag for DB1.,,,discard,"Standard-dataset flag for DB1, superseded.",,,,,
SELDB1,,,,,,"Selection variable related to DB1. [formula in source, not extractable]",,,discard,"Selection bitmask for DB1, superseded. Three digits wide here, unlike the ten-digit SELDB1 of the 2008 database.",,,,,
SELDB2,,,,,,"Selection variable related to DB2. [formula in source, not extractable]",,,discard,"Selection bitmask for DB2, superseded.",,,,,
SELDB2X,,,,,,"Selection variable with extra criteria related to DB2. [formula in source, not extractable]",,,discard,"Extra-criteria selection bitmask for DB2, superseded.",,,,,
IAEA92,,,,,,Standard dataset flag for DB2.,,,discard,"Standard-dataset flag for DB2, superseded.",,,,,
DB2P5,,,,,,Standard dataset flag for DB2.,,,discard,"Standard-dataset flag for DB2, superseded.",,,,,
DB2P8,,,,,,Standard dataset flag for DB2.,,,discard,"Standard-dataset flag for DB2, superseded.",,,,,
DB3IS,,,,,,Standard dataset flag for DB2.,,,discard,"Standard-dataset flag for DB2, superseded.",,,,,
DB3V5,,,,,,Standard dataset flag for DB3.,,,discard,"Standard-dataset flag for DB3, superseded.",,,,,
IAE2000N,,,,,,Standard dataset flag for DB3.,,,discard,"Standard-dataset flag for DB3, superseded.",,,,,
IAE2000X,,,,,,Standard dataset flag for DB3.,,,discard,"Standard-dataset flag for DB3, superseded.",,,,,
HMWS2003,,,,,,Standard dataset flag for DB3.,,,discard,"Standard-dataset flag for DB3, superseded.",,,,,
IAE2004S,,,,,,Standard dataset flag for DB3.,,,discard,"Standard-dataset flag for DB3, superseded.",,,,,
IAE2004I,,,,,,Standard dataset flag for DB3.,,,discard,"Standard-dataset flag for DB3, superseded.",,,,,
DB3DONLY,,,,,,Standard dataset flag for DB3.,,,discard,"Standard-dataset flag for DB3, superseded.",,,,,
HMWS2005,,,,,,Standard dataset flag for DB3.,,,discard,"Standard-dataset flag for DB3, superseded.",,,,,
OJK2006,,,,,,Standard dataset flag for DB3.,,,discard,"Standard-dataset flag for DB3, superseded, and zero on every row where it is filled.",,,,,
SELDB3,,,,,,"Selection variable related to DB3. [formula in source, not extractable]",,,discard,"Selection bitmask for DB3, superseded.",,,,,
SELDB3X,,,,,,"Selection variable with extra criteria related to DB3. [formula in source, not extractable]",,,discard,"Extra-criteria selection bitmask for DB3, superseded. Ten digits wide.",,,,,
SELDB4,,,,,,"Selection variable related to DB4. [formula in source, not extractable]",,,discard,"Selection bitmask for DB4, superseded.",,,,,
AAREA,,,,,,[not in the DB5.2.3 variable definitions document],,,discard,"Not in the variable definitions document; meaning unknown. Filled on 77 AUG rows only, where it equals sqrt(AREA / (pi * KAPPA)) to within 1.4e-6 relative on every row, i.e. an area-equivalent minor radius.",,,,,
STDDB4V5,,,,,,Standard dataset flag for DB4.,,,discard,"Standard-dataset flag for DB4, superseded, and filled on only 77 of 14153 rows.",,,,,
PMAIN,,,,,,Neutral pressure in the main chamber.,,,discard,Column is entirely empty.,,,,,
PDIV,,,,,,Neutral pressure in the divertor.,,,discard,Column is entirely empty.,,,,,
GP_MAIN,,,,,,Gas puff in the main chamber.,,,discard,Column is entirely empty.,,,,,
GP_DIV,,,,,,Gas puff in the divertor.,,,discard,Column is entirely empty.,,,,,
STD3,,,,,,Standard dataset flag for DB3.,,,discard,"Standard-dataset flag for DB3, superseded.",,,,,
TOK_ID,,,,,,Tokamak ID number.,,,derived,One-to-one integer encoding of TOK; the definitions document gives the mapping as a table.,,,,,
TIME_ID,,,,,,"Integer equivalent of TIME. [formula in source, not extractable]",,,derived,"Integer equivalent of TIME: INT(1e3 * ROUND(TIME, 1e-3)), and INT(1e5 * ...) for TUMAN3M.",,,,,
KAPPAA,,,,,,"Alternative plasma elongation definition. [formula in source, not extractable]",,,derived,"AREA / (pi * AMIN^2), an area-equivalent elongation.",,,,,
KAREA,,,,,,"Alternative plasma elongation definition. [formula in source, not extractable]",,,derived,"VOL / (2 * pi^2 * AMIN^2 * RGEO), a volume-equivalent elongation.",,,,,
TAUCR,,,,,,"Current relaxation time. [formula in source, not extractable]",,,derived,"2.51e-6 * IP * RGEO / VSURF, after [Mikkelsen89].",,,,,
RHOINV,,,,,,"Normalized sawtooth inversion radius rho. [formula in source, not extractable]",,,derived,"Sawtooth inversion radius from Eq. (7) of [Weisen02], a formula in IP, RGEO, AMIN, BT and KAPPA.",,,,,
WFANI,,,,,,"Estimate of fraction of perpendicular fast ion energy as compared to the total fast ion energy due to NBI. [formula in source, not extractable]",,,derived,"WFPER / (WFPER + WFPAR), the perpendicular fraction of the NBI fast-ion energy.",,,,,
WFANIIC,,,,,,Estimate of fraction of perpendicular fast ion energy compared to total fast ion energy due to ICRH heating. Zero if no ICRH is applied.,,,derived,"WFICRH / (WFICRH + WFICRHP), the perpendicular fraction of the ICRH fast-ion energy.",,,,,
PL,,,,,,Estimated loss power not corrected for charge exchange and unconfined orbit losses.,,,derived,"PL = PLTH + PFLOSS, and both are present.",,,,,
,,,,,,,,,,,,,,,
,,,,,,,,,,,,,,,
,,,,,,,,,,,,,,,
,,,,,,,,,,,,,,,
,,,,,,,,,,,,,,,
,,,,,,,,,,,,,,,
,,,,,,,,,,,,,,,
,,,,,,,,,,,,,,,
